{
  "Regresion Logistica": {
    "accuracy": {
      "mean": 0.95,
      "std": 0.0,
      "runs": [
        0.95,
        0.95,
        0.95,
        0.95,
        0.95
      ]
    },
    "precision": {
      "mean": 1.0,
      "std": 0.0,
      "runs": [
        1.0,
        1.0,
        1.0,
        1.0,
        1.0
      ]
    },
    "recall": {
      "mean": 0.9200000000000002,
      "std": 1.1102230246251565e-16,
      "runs": [
        0.92,
        0.92,
        0.92,
        0.92,
        0.92
      ]
    },
    "specificity": {
      "mean": 1.0,
      "std": 0.0,
      "runs": [
        1.0,
        1.0,
        1.0,
        1.0,
        1.0
      ]
    },
    "f1": {
      "mean": 0.9583333333333334,
      "std": 0.0,
      "runs": [
        0.9583333333333334,
        0.9583333333333334,
        0.9583333333333334,
        0.9583333333333334,
        0.9583333333333334
      ]
    },
    "auc_roc": {
      "mean": 1.0,
      "std": 0.0,
      "runs": [
        1.0,
        1.0,
        1.0,
        1.0,
        1.0
      ]
    },
    "mcc": {
      "mean": 0.9009798587550961,
      "std": 0.0,
      "runs": [
        0.9009798587550961,
        0.9009798587550961,
        0.9009798587550961,
        0.9009798587550961,
        0.9009798587550961
      ]
    }
  },
  "SVM (RBF)": {
    "accuracy": {
      "mean": 0.9875,
      "std": 0.0,
      "runs": [
        0.9875,
        0.9875,
        0.9875,
        0.9875,
        0.9875
      ]
    },
    "precision": {
      "mean": 1.0,
      "std": 0.0,
      "runs": [
        1.0,
        1.0,
        1.0,
        1.0,
        1.0
      ]
    },
    "recall": {
      "mean": 0.9800000000000001,
      "std": 1.1102230246251565e-16,
      "runs": [
        0.98,
        0.98,
        0.98,
        0.98,
        0.98
      ]
    },
    "specificity": {
      "mean": 1.0,
      "std": 0.0,
      "runs": [
        1.0,
        1.0,
        1.0,
        1.0,
        1.0
      ]
    },
    "f1": {
      "mean": 0.98989898989899,
      "std": 0.0,
      "runs": [
        0.98989898989899,
        0.98989898989899,
        0.98989898989899,
        0.98989898989899,
        0.98989898989899
      ]
    },
    "auc_roc": {
      "mean": 1.0,
      "std": 0.0,
      "runs": [
        1.0,
        1.0,
        1.0,
        1.0,
        1.0
      ]
    },
    "mcc": {
      "mean": 0.9738516810963536,
      "std": 1.1102230246251565e-16,
      "runs": [
        0.9738516810963534,
        0.9738516810963534,
        0.9738516810963534,
        0.9738516810963534,
        0.9738516810963534
      ]
    }
  },
  "Random Forest": {
    "accuracy": {
      "mean": 0.9875,
      "std": 0.0,
      "runs": [
        0.9875,
        0.9875,
        0.9875,
        0.9875,
        0.9875
      ]
    },
    "precision": {
      "mean": 1.0,
      "std": 0.0,
      "runs": [
        1.0,
        1.0,
        1.0,
        1.0,
        1.0
      ]
    },
    "recall": {
      "mean": 0.9800000000000001,
      "std": 1.1102230246251565e-16,
      "runs": [
        0.98,
        0.98,
        0.98,
        0.98,
        0.98
      ]
    },
    "specificity": {
      "mean": 1.0,
      "std": 0.0,
      "runs": [
        1.0,
        1.0,
        1.0,
        1.0,
        1.0
      ]
    },
    "f1": {
      "mean": 0.98989898989899,
      "std": 0.0,
      "runs": [
        0.98989898989899,
        0.98989898989899,
        0.98989898989899,
        0.98989898989899,
        0.98989898989899
      ]
    },
    "auc_roc": {
      "mean": 1.0,
      "std": 0.0,
      "runs": [
        1.0,
        1.0,
        1.0,
        1.0,
        1.0
      ]
    },
    "mcc": {
      "mean": 0.9738516810963536,
      "std": 1.1102230246251565e-16,
      "runs": [
        0.9738516810963534,
        0.9738516810963534,
        0.9738516810963534,
        0.9738516810963534,
        0.9738516810963534
      ]
    }
  },
  "XGBoost (default)": {
    "accuracy": {
      "mean": 0.9625,
      "std": 0.0,
      "runs": [
        0.9625,
        0.9625,
        0.9625,
        0.9625,
        0.9625
      ]
    },
    "precision": {
      "mean": 1.0,
      "std": 0.0,
      "runs": [
        1.0,
        1.0,
        1.0,
        1.0,
        1.0
      ]
    },
    "recall": {
      "mean": 0.9399999999999998,
      "std": 1.1102230246251565e-16,
      "runs": [
        0.94,
        0.94,
        0.94,
        0.94,
        0.94
      ]
    },
    "specificity": {
      "mean": 1.0,
      "std": 0.0,
      "runs": [
        1.0,
        1.0,
        1.0,
        1.0,
        1.0
      ]
    },
    "f1": {
      "mean": 0.9690721649484535,
      "std": 1.1102230246251565e-16,
      "runs": [
        0.9690721649484536,
        0.9690721649484536,
        0.9690721649484536,
        0.9690721649484536,
        0.9690721649484536
      ]
    },
    "auc_roc": {
      "mean": 0.9993333333333332,
      "std": 1.1102230246251565e-16,
      "runs": [
        0.9993333333333333,
        0.9993333333333333,
        0.9993333333333333,
        0.9993333333333333,
        0.9993333333333333
      ]
    },
    "mcc": {
      "mean": 0.9244162777371754,
      "std": 0.0,
      "runs": [
        0.9244162777371754,
        0.9244162777371754,
        0.9244162777371754,
        0.9244162777371754,
        0.9244162777371754
      ]
    }
  }
}