{
  "model": "PSO-XGBoost",
  "best_params": {
    "learning_rate": 0.10572654076886161,
    "n_estimators": 370,
    "max_depth": 6,
    "min_child_weight": 1,
    "subsample": 0.8414191399519289,
    "colsample_bytree": 0.8396190090180088
  },
  "best_cv_auc": 0.999375,
  "metrics": {
    "accuracy": {
      "mean": 0.9674999999999999,
      "std": 0.006123724356957924,
      "runs": [
        0.9625,
        0.9625,
        0.975,
        0.9625,
        0.975
      ]
    },
    "precision": {
      "mean": 1.0,
      "std": 0.0,
      "runs": [
        1.0,
        1.0,
        1.0,
        1.0,
        1.0
      ]
    },
    "recall": {
      "mean": 0.9480000000000001,
      "std": 0.009797958971132722,
      "runs": [
        0.94,
        0.94,
        0.96,
        0.94,
        0.96
      ]
    },
    "specificity": {
      "mean": 1.0,
      "std": 0.0,
      "runs": [
        1.0,
        1.0,
        1.0,
        1.0,
        1.0
      ]
    },
    "f1": {
      "mean": 0.9732800336629497,
      "std": 0.005153565627568216,
      "runs": [
        0.9690721649484536,
        0.9690721649484536,
        0.9795918367346939,
        0.9690721649484536,
        0.9795918367346939
      ]
    },
    "auc_roc": {
      "mean": 0.9987999999999999,
      "std": 0.0004988876515698395,
      "runs": [
        0.998,
        0.9993333333333333,
        0.9986666666666667,
        0.9993333333333333,
        0.9986666666666667
      ]
    },
    "mcc": {
      "mean": 0.9341230858625108,
      "std": 0.011888363469086734,
      "runs": [
        0.9244162777371754,
        0.9244162777371754,
        0.9486832980505139,
        0.9244162777371754,
        0.9486832980505139
      ]
    }
  }
}