{
  "model": "PSO-XGBoost",
  "best_params": {
    "learning_rate": 0.1525390606846709,
    "n_estimators": 271,
    "max_depth": 5,
    "min_child_weight": 1,
    "subsample": 0.8591034043137901,
    "colsample_bytree": 0.8004424566872967
  },
  "best_cv_auc": 0.99925,
  "metrics": {
    "accuracy": {
      "mean": 0.9700000000000001,
      "std": 0.006123724356957924,
      "runs": [
        0.975,
        0.9625,
        0.975,
        0.975,
        0.9625
      ]
    },
    "precision": {
      "mean": 1.0,
      "std": 0.0,
      "runs": [
        1.0,
        1.0,
        1.0,
        1.0,
        1.0
      ]
    },
    "recall": {
      "mean": 0.952,
      "std": 0.00979795897113272,
      "runs": [
        0.96,
        0.94,
        0.96,
        0.96,
        0.94
      ]
    },
    "specificity": {
      "mean": 1.0,
      "std": 0.0,
      "runs": [
        1.0,
        1.0,
        1.0,
        1.0,
        1.0
      ]
    },
    "f1": {
      "mean": 0.9753839680201978,
      "std": 0.005153565627568216,
      "runs": [
        0.9795918367346939,
        0.9690721649484536,
        0.9795918367346939,
        0.9795918367346939,
        0.9690721649484536
      ]
    },
    "auc_roc": {
      "mean": 0.9985333333333333,
      "std": 0.00026666666666668175,
      "runs": [
        0.998,
        0.9986666666666667,
        0.9986666666666667,
        0.9986666666666667,
        0.9986666666666667
      ]
    },
    "mcc": {
      "mean": 0.9389764899251786,
      "std": 0.011888363469086734,
      "runs": [
        0.9486832980505139,
        0.9244162777371754,
        0.9486832980505139,
        0.9486832980505139,
        0.9244162777371754
      ]
    }
  }
}