{
  "Regresion Logistica": {
    "accuracy": 0.95,
    "precision": 1.0,
    "recall": 0.9200000000000002,
    "specificity": 1.0,
    "f1": 0.9583333333333334,
    "auc_roc": 1.0
  },
  "SVM (RBF)": {
    "accuracy": 0.9875,
    "precision": 1.0,
    "recall": 0.9800000000000001,
    "specificity": 1.0,
    "f1": 0.98989898989899,
    "auc_roc": 1.0
  },
  "Random Forest": {
    "accuracy": 0.9875,
    "precision": 1.0,
    "recall": 0.9800000000000001,
    "specificity": 1.0,
    "f1": 0.98989898989899,
    "auc_roc": 1.0
  },
  "XGBoost (default)": {
    "accuracy": 0.9625,
    "precision": 1.0,
    "recall": 0.9399999999999998,
    "specificity": 1.0,
    "f1": 0.9690721649484535,
    "auc_roc": 0.9993333333333332
  },
  "PSO-XGBoost": {
    "accuracy": 0.9674999999999999,
    "precision": 1.0,
    "recall": 0.9480000000000001,
    "specificity": 1.0,
    "f1": 0.9732800336629497,
    "auc_roc": 0.9987999999999999
  }
}