iteration,best_fitness_neg,best_auc,mean_fitness_neg
1,-0.997875,0.997875,-0.9967708333333333
2,-0.99875,0.99875,-0.9973333333333333
3,-0.99875,0.99875,-0.9978750000000001
4,-0.999,0.999,-0.9985208333333334
