feature,mean_abs_shap
hemo,2.2212949
sg,1.6390116
sc,1.308903
rc,0.88138133
al,0.6113268
bgr,0.5436827
bu,0.48942333
pcv,0.42374557
sod,0.36724496
htn,0.3459373
age,0.1845605
wc,0.15043825
pot,0.1289078
dm,0.049370125
appet,0.018411318
bp,0.011630491
pc_abnormal,0.0
ba_notpresent,0.0
pcc_present,0.0
pcc_notpresent,0.0
pc_normal,0.0
ane,0.0
rbc_normal,0.0
rbc_abnormal,0.0
pe,0.0
cad,0.0
su,0.0
ba_present,0.0
